category_uri,name,code,level,parent_uri,parent_name
http://data.europa.eu/esco/isced-f/061,information and communication technologies (icts),061,2,http://data.europa.eu/esco/isced-f/06,information and communication technologies (icts)
http://data.europa.eu/esco/isced-f/071,engineering and engineering trades,071,2,http://data.europa.eu/esco/isced-f/07,"engineering, manufacturing and construction"
http://data.europa.eu/esco/isced-f/041,business and administration,041,2,http://data.europa.eu/esco/isced-f/04,"business, administration and law"
http://data.europa.eu/esco/skill/4d7fb3eb-554a-4cf1-a576-bf6e153bdba2,using precision instrumentation and equipment,S8.6,2,http://data.europa.eu/esco/skill/9b8bb484-dcba-49af-8ae0-cfe8b6e9ed45,working with machinery and specialised equipment
http://data.europa.eu/esco/skill/0a295163-3e17-47ad-99ac-2b507ce30adb,designing systems and products,S1.11,2,http://data.europa.eu/esco/skill/dc06de9f-dd3a-4f28-b58f-b01b5ae72ab8,"communication, collaboration and creativity"
http://data.europa.eu/esco/skill/5770f630-9b25-49f3-9d37-e93ec1799749,teaching and training,S1.3,2,http://data.europa.eu/esco/skill/dc06de9f-dd3a-4f28-b58f-b01b5ae72ab8,"communication, collaboration and creativity"
http://data.europa.eu/esco/skill/587e1cd6-a376-4c8f-8369-187c128d72a3,processing information,S2.4,2,http://data.europa.eu/esco/skill/0a2d70ee-d435-4965-9e96-702b2fb65740,information skills
http://data.europa.eu/esco/skill/e173eaf8-c99b-405a-b0ac-0e02ce3c268d,calculating and estimating,S2.6,2,http://data.europa.eu/esco/skill/0a2d70ee-d435-4965-9e96-702b2fb65740,information skills
http://data.europa.eu/esco/skill/6889a21c-837b-49a2-be61-bb6010ab63f4,obtaining information verbally,S1.7,2,http://data.europa.eu/esco/skill/dc06de9f-dd3a-4f28-b58f-b01b5ae72ab8,"communication, collaboration and creativity"
http://data.europa.eu/esco/skill/75c1ab73-5b00-48a0-818e-93487ebdd7e1,setting up and protecting computer systems,S5.2,2,http://data.europa.eu/esco/skill/243eb885-07c7-4b77-ab9c-827551d83dc4,working with computers
http://data.europa.eu/esco/skill/6f89dcbe-4315-4533-8801-3aadf9190b86,developing objectives and strategies,S4.1,2,http://data.europa.eu/esco/skill/869fc2ce-478f-4420-8766-e1f02cec4fb2,management skills
http://data.europa.eu/esco/isced-f/092,welfare,092,2,http://data.europa.eu/esco/isced-f/09,health and welfare
http://data.europa.eu/esco/skill/7a00c77c-4a1c-4fd6-a83f-004bda65d81a,supervising people,S4.8,2,http://data.europa.eu/esco/skill/869fc2ce-478f-4420-8766-e1f02cec4fb2,management skills
http://data.europa.eu/esco/skill/2f661409-3e56-46ab-95d7-6ec7786fc1c0,writing and composing,S1.13,2,http://data.europa.eu/esco/skill/dc06de9f-dd3a-4f28-b58f-b01b5ae72ab8,"communication, collaboration and creativity"
http://data.europa.eu/esco/skill/b76cd1e5-d5e7-464a-b7bb-4164d3616452,liaising and networking,S1.2,2,http://data.europa.eu/esco/skill/dc06de9f-dd3a-4f28-b58f-b01b5ae72ab8,"communication, collaboration and creativity"
http://data.europa.eu/esco/skill/7b942071-f688-4600-8d9f-ad4c0306abc7,"installing, maintaining and repairing electrical, electronic and precision equipment",S8.8,2,http://data.europa.eu/esco/skill/9b8bb484-dcba-49af-8ae0-cfe8b6e9ed45,working with machinery and specialised equipment
http://data.europa.eu/esco/skill/3753e796-121e-46a3-9c27-dee31ce92c80,analysing and evaluating information and data,S2.7,2,http://data.europa.eu/esco/skill/0a2d70ee-d435-4965-9e96-702b2fb65740,information skills
http://data.europa.eu/esco/skill/3f641516-9846-4a7f-a7f4-e1274eef6688,presenting information,S1.4,2,http://data.europa.eu/esco/skill/dc06de9f-dd3a-4f28-b58f-b01b5ae72ab8,"communication, collaboration and creativity"
http://data.europa.eu/esco/isced-f/103,security services,103,2,http://data.europa.eu/esco/isced-f/10,services
http://data.europa.eu/esco/skill/28d2ab6c-38a2-476e-85fe-7982fd242943,accessing and analysing digital data,S5.5,2,http://data.europa.eu/esco/skill/243eb885-07c7-4b77-ab9c-827551d83dc4,working with computers
http://data.europa.eu/esco/skill/048812ba-45ff-4801-b04f-b20c03432809,protecting and enforcing,S3.3,2,http://data.europa.eu/esco/skill/c73521be-c039-4e22-b037-3b01b3f6f9d9,assisting and caring
http://data.europa.eu/esco/skill/c5b71c57-6f78-4c54-b332-ec75848f1095,"conducting studies, investigations and examinations",S2.1,2,http://data.europa.eu/esco/skill/0a2d70ee-d435-4965-9e96-702b2fb65740,information skills
http://data.europa.eu/esco/skill/325a3d29-a235-4182-9128-782c0f4b2dcc,documenting and recording information,S2.2,2,http://data.europa.eu/esco/skill/0a2d70ee-d435-4965-9e96-702b2fb65740,information skills
http://data.europa.eu/esco/isced-f/042,law,042,2,http://data.europa.eu/esco/isced-f/04,"business, administration and law"
http://data.europa.eu/esco/skill/dddd229b-61e1-480d-80d6-d9d9ee9b5f54,managing information,S2.3,2,http://data.europa.eu/esco/skill/0a2d70ee-d435-4965-9e96-702b2fb65740,information skills
http://data.europa.eu/esco/skill/be7443ff-0747-43b8-8720-8e87fd34e692,solving problems,S1.9,2,http://data.europa.eu/esco/skill/dc06de9f-dd3a-4f28-b58f-b01b5ae72ab8,"communication, collaboration and creativity"
http://data.europa.eu/esco/skill/d6e4373a-ef2c-4b64-9dc6-4140846f6609,programming computer systems,S5.1,2,http://data.europa.eu/esco/skill/243eb885-07c7-4b77-ab9c-827551d83dc4,working with computers
http://data.europa.eu/esco/skill/ce17a874-b476-491d-a7a7-5f05d32ad542,leading and motivating,S4.5,2,http://data.europa.eu/esco/skill/869fc2ce-478f-4420-8766-e1f02cec4fb2,management skills
http://data.europa.eu/esco/skill/c85f95ae-34fb-487b-b3d5-10803eee619d,"creating artistic, visual or instructive materials",S1.12,2,http://data.europa.eu/esco/skill/dc06de9f-dd3a-4f28-b58f-b01b5ae72ab8,"communication, collaboration and creativity"
http://data.europa.eu/esco/skill/f5328159-dfe9-4f25-b8e7-a03fb0d3a991,working with computers,S5.0,2,http://data.europa.eu/esco/skill/243eb885-07c7-4b77-ab9c-827551d83dc4,working with computers
http://data.europa.eu/esco/skill/24ad2ffb-dece-4704-8155-63ea9428d038,advising and consulting,S1.5,2,http://data.europa.eu/esco/skill/dc06de9f-dd3a-4f28-b58f-b01b5ae72ab8,"communication, collaboration and creativity"
http://data.europa.eu/esco/skill/5c26881e-2759-4a38-b136-5e0f6071b524,"organising, planning and scheduling work and activities",S4.2,2,http://data.europa.eu/esco/skill/869fc2ce-478f-4420-8766-e1f02cec4fb2,management skills
http://data.europa.eu/esco/skill/18da3b88-1cd5-4ef3-83d6-664e52afdaba,building and repairing structures,S7.1,2,http://data.europa.eu/esco/skill/2ae39fc8-0f1b-4284-9e73-3f2739471f63,constructing
http://data.europa.eu/esco/isced-f/021,arts,021,2,http://data.europa.eu/esco/isced-f/02,arts and humanities
http://data.europa.eu/esco/skill/c1a13ee0-b00d-4cfa-a22c-20d284e398b0,management skills,S4.0,2,http://data.europa.eu/esco/skill/869fc2ce-478f-4420-8766-e1f02cec4fb2,management skills
http://data.europa.eu/esco/isced-f/091,health,091,2,http://data.europa.eu/esco/isced-f/09,health and welfare
http://data.europa.eu/esco/isced-f/102,hygiene and occupational health services,102,2,http://data.europa.eu/esco/isced-f/10,services
http://data.europa.eu/esco/isced-f/003,personal skills and development,003,2,http://data.europa.eu/esco/isced-f/00,generic programmes and qualifications
http://data.europa.eu/esco/skill/e1746275-6d4e-4b02-b526-eeebf3052b6d,providing information and support to the public and clients,S3.4,2,http://data.europa.eu/esco/skill/c73521be-c039-4e22-b037-3b01b3f6f9d9,assisting and caring
http://data.europa.eu/esco/skill/1e95cef2-9c35-4f9f-b6a9-cb458c3e5379,"monitoring, inspecting and testing",S2.8,2,http://data.europa.eu/esco/skill/0a2d70ee-d435-4965-9e96-702b2fb65740,information skills
http://data.europa.eu/esco/skill/3399045f-8078-4066-8b46-475b49b260ab,working with digital devices and applications,T1.3,2,http://data.europa.eu/esco/skill/b94686e3-cce5-47a2-a8d8-402a0d0ed44e,core skills and competences
http://data.europa.eu/esco/isced-f/068,inter-disciplinary programmes and qualifications involving information and communication technologies (icts),068,2,http://data.europa.eu/esco/isced-f/06,information and communication technologies (icts)
http://data.europa.eu/esco/skill/cacc62f3-2df4-4cc3-9d5d-0d014db56bd9,"using digital tools for collaboration, content creation and problem solving",S5.6,2,http://data.europa.eu/esco/skill/243eb885-07c7-4b77-ab9c-827551d83dc4,working with computers
http://data.europa.eu/esco/isced-f/031,social and behavioural sciences,031,2,http://data.europa.eu/esco/isced-f/03,"social sciences, journalism and information"
http://data.europa.eu/esco/skill/ac88053e-c9b5-43cf-ace1-f506bcfdc8cb,performing and entertaining,S1.14,2,http://data.europa.eu/esco/skill/dc06de9f-dd3a-4f28-b58f-b01b5ae72ab8,"communication, collaboration and creativity"
http://data.europa.eu/esco/isced-f/032,journalism and information,032,2,http://data.europa.eu/esco/isced-f/03,"social sciences, journalism and information"
http://data.europa.eu/esco/skill/0101f8a4-4243-4e67-813b-3e2a6274f7e2,monitoring developments in area of expertise,S2.9,2,http://data.europa.eu/esco/skill/0a2d70ee-d435-4965-9e96-702b2fb65740,information skills
http://data.europa.eu/esco/skill/323b3684-86ec-40fa-81b4-bc52694ef168,negotiating,S1.1,2,http://data.europa.eu/esco/skill/dc06de9f-dd3a-4f28-b58f-b01b5ae72ab8,"communication, collaboration and creativity"
http://data.europa.eu/esco/isced-f/022,humanities (except languages),022,2,http://data.europa.eu/esco/isced-f/02,arts and humanities
http://data.europa.eu/esco/isced-f/054,mathematics and statistics,054,2,http://data.europa.eu/esco/isced-f/05,"natural sciences, mathematics and statistics"
http://data.europa.eu/esco/skill/9827c329-3492-4e8d-852c-da0894228ff6,allocating and controlling resources,S4.3,2,http://data.europa.eu/esco/skill/869fc2ce-478f-4420-8766-e1f02cec4fb2,management skills
http://data.europa.eu/esco/skill/548c3fbe-9eb1-4035-bc54-027fd5bc5315,working with others,S1.8,2,http://data.europa.eu/esco/skill/dc06de9f-dd3a-4f28-b58f-b01b5ae72ab8,"communication, collaboration and creativity"
http://data.europa.eu/esco/skill/d23b21ca-2ef5-4b5e-b37e-a5311dc2e292,using hand tools,S6.7,2,http://data.europa.eu/esco/skill/03e0b95b-67d1-457a-b3f7-06c407cf6bec,handling and moving
http://data.europa.eu/esco/isced-f/011,education,011,2,http://data.europa.eu/esco/isced-f/01,education
http://data.europa.eu/esco/skill/8bbdf1f1-e943-45fc-af2f-1446cbd88245,using more than one language,S1.15,2,http://data.europa.eu/esco/skill/dc06de9f-dd3a-4f28-b58f-b01b5ae72ab8,"communication, collaboration and creativity"
http://data.europa.eu/esco/skill/85b379e7-e0b7-48b8-baa7-631f50a7cdd5,"communication, collaboration and creativity",S1.0,2,http://data.europa.eu/esco/skill/dc06de9f-dd3a-4f28-b58f-b01b5ae72ab8,"communication, collaboration and creativity"
http://data.europa.eu/esco/skill/82c084ea-15e9-4d55-98dc-ede0f767baee,information skills,S2.0,2,http://data.europa.eu/esco/skill/0a2d70ee-d435-4965-9e96-702b2fb65740,information skills
http://data.europa.eu/esco/isced-f/079,"engineering, manufacturing and construction not elsewhere classified",079,2,http://data.europa.eu/esco/isced-f/07,"engineering, manufacturing and construction"
http://data.europa.eu/esco/skill/73dba04a-7c18-439f-8757-b5f60532ba74,recruiting and hiring,S4.7,2,http://data.europa.eu/esco/skill/869fc2ce-478f-4420-8766-e1f02cec4fb2,management skills
http://data.europa.eu/esco/skill/b99283cd-b908-4100-baa5-112692ac22b8,"promoting, selling and purchasing",S1.6,2,http://data.europa.eu/esco/skill/dc06de9f-dd3a-4f28-b58f-b01b5ae72ab8,"communication, collaboration and creativity"
http://data.europa.eu/esco/isced-f/073,architecture and construction,073,2,http://data.europa.eu/esco/isced-f/07,"engineering, manufacturing and construction"
http://data.europa.eu/esco/skill/bb99a123-88be-42a2-8758-f5a18e06ccc6,making decisions,S4.9,2,http://data.europa.eu/esco/skill/869fc2ce-478f-4420-8766-e1f02cec4fb2,management skills
http://data.europa.eu/esco/skill/2d02d98c-20c4-4b46-bf44-e5f85a3f03ed,building and developing teams,S4.6,2,http://data.europa.eu/esco/skill/869fc2ce-478f-4420-8766-e1f02cec4fb2,management skills
http://data.europa.eu/esco/isced-f/058,"inter-disciplinary programmes and qualifications involving natural sciences, mathematics and statistics",058,2,http://data.europa.eu/esco/isced-f/05,"natural sciences, mathematics and statistics"
http://data.europa.eu/esco/isced-f/0613,software and applications development and analysis,0613,3,http://data.europa.eu/esco/isced-f/061,information and communication technologies (icts)
http://data.europa.eu/esco/isced-f/0612,database and network design and administration,0612,3,http://data.europa.eu/esco/isced-f/061,information and communication technologies (icts)
http://data.europa.eu/esco/isced-f/0714,electronics and automation,0714,3,http://data.europa.eu/esco/isced-f/071,engineering and engineering trades
http://data.europa.eu/esco/isced-f/0417,work skills,0417,3,http://data.europa.eu/esco/isced-f/041,business and administration
http://data.europa.eu/esco/skill/0a88a13f-693a-4dde-b44c-22e6f98fabc6,operating communications equipment,S8.6.4,3,http://data.europa.eu/esco/skill/4d7fb3eb-554a-4cf1-a576-bf6e153bdba2,using precision instrumentation and equipment
http://data.europa.eu/esco/skill/b590d4e5-7c62-4b4a-abc2-c270b482e0ce,designing ict systems or applications,S1.11.1,3,http://data.europa.eu/esco/skill/0a295163-3e17-47ad-99ac-2b507ce30adb,designing systems and products
http://data.europa.eu/esco/skill/883eab8c-d8a6-4e8b-9b11-7d9001e172ab,designing systems and products,S1.11.0,3,http://data.europa.eu/esco/skill/0a295163-3e17-47ad-99ac-2b507ce30adb,designing systems and products
http://data.europa.eu/esco/skill/6c4fa8c8-e9e1-49b5-897f-6b61fe649488,training on operational procedures,S1.3.3,3,http://data.europa.eu/esco/skill/5770f630-9b25-49f3-9d37-e93ec1799749,teaching and training
http://data.europa.eu/esco/skill/29dcc31e-a8d6-4a62-b3c1-2de81e966e39,gathering information from physical or electronic sources,S2.4.1,3,http://data.europa.eu/esco/skill/587e1cd6-a376-4c8f-8369-187c128d72a3,processing information
http://data.europa.eu/esco/skill/b917784a-d7c9-437c-be6e-0de41067fa62,estimating resource needs,S2.6.3,3,http://data.europa.eu/esco/skill/e173eaf8-c99b-405a-b0ac-0e02ce3c268d,calculating and estimating
http://data.europa.eu/esco/skill/d46193e0-be7d-4a90-91cc-4caba78e19d0,engaging with others to identify needs,S1.7.2,3,http://data.europa.eu/esco/skill/6889a21c-837b-49a2-be61-bb6010ab63f4,obtaining information verbally
http://data.europa.eu/esco/skill/185c56ee-098f-46a1-af87-56337085da6f,protecting ict devices,S5.2.2,3,http://data.europa.eu/esco/skill/75c1ab73-5b00-48a0-818e-93487ebdd7e1,setting up and protecting computer systems
http://data.europa.eu/esco/skill/f839b1da-78b6-4466-86f4-a5798821ea20,setting up computer systems,S5.2.1,3,http://data.europa.eu/esco/skill/75c1ab73-5b00-48a0-818e-93487ebdd7e1,setting up and protecting computer systems
http://data.europa.eu/esco/skill/c23e0a2f-f04b-45bc-b0dd-20571f6b502c,developing operational policies and procedures,S4.1.3,3,http://data.europa.eu/esco/skill/6f89dcbe-4315-4533-8801-3aadf9190b86,developing objectives and strategies
http://data.europa.eu/esco/isced-f/0413,management and administration,0413,3,http://data.europa.eu/esco/isced-f/041,business and administration
http://data.europa.eu/esco/isced-f/0611,computer use,0611,3,http://data.europa.eu/esco/isced-f/061,information and communication technologies (icts)
http://data.europa.eu/esco/isced-f/0921,care of the elderly and of disabled adults,0921,3,http://data.europa.eu/esco/isced-f/092,welfare
http://data.europa.eu/esco/skill/c206d301-14b0-4bea-8028-a3749303a512,monitoring and evaluating the performance of individuals,S4.8.3,3,http://data.europa.eu/esco/skill/7a00c77c-4a1c-4fd6-a83f-004bda65d81a,supervising people
http://data.europa.eu/esco/skill/6e62e776-fbfa-486c-a6df-58cd239c86fe,technical or academic writing,S1.13.3,3,http://data.europa.eu/esco/skill/2f661409-3e56-46ab-95d7-6ec7786fc1c0,writing and composing
http://data.europa.eu/esco/skill/a19c5139-1250-4a60-9c31-a3243cca06cc,communicating with colleagues and clients,S1.2.1,3,http://data.europa.eu/esco/skill/b76cd1e5-d5e7-464a-b7bb-4164d3616452,liaising and networking
http://data.europa.eu/esco/skill/0b9968af-72de-470a-98e1-2d19577443fb,resolving computer problems,S5.2.3,3,http://data.europa.eu/esco/skill/75c1ab73-5b00-48a0-818e-93487ebdd7e1,setting up and protecting computer systems
http://data.europa.eu/esco/skill/a7065828-10aa-4aba-b7d4-f23a30df5060,"installing and repairing electrical, electronic and precision equipment",S8.8.1,3,http://data.europa.eu/esco/skill/7b942071-f688-4600-8d9f-ad4c0306abc7,"installing, maintaining and repairing electrical, electronic and precision equipment"
http://data.europa.eu/esco/skill/ec528c47-65f4-4187-9dc1-5a8889f84a06,analysing business operations,S2.7.4,3,http://data.europa.eu/esco/skill/3753e796-121e-46a3-9c27-dee31ce92c80,analysing and evaluating information and data
http://data.europa.eu/esco/skill/8f9f8b20-ff26-4392-b04f-695dcde5b90a,presenting research or technical information,S1.4.2,3,http://data.europa.eu/esco/skill/3f641516-9846-4a7f-a7f4-e1274eef6688,presenting information
http://data.europa.eu/esco/skill/cdb2aecd-9dca-48fd-8d56-f0aace3ab5a9,presenting general information,S1.4.1,3,http://data.europa.eu/esco/skill/3f641516-9846-4a7f-a7f4-e1274eef6688,presenting information
http://data.europa.eu/esco/skill/8a3b45dc-8299-4b67-99db-6542daf79ac3,developing professional relationships or networks,S1.2.3,3,http://data.europa.eu/esco/skill/b76cd1e5-d5e7-464a-b7bb-4164d3616452,liaising and networking
http://data.europa.eu/esco/isced-f/1031,military and defence,1031,3,http://data.europa.eu/esco/isced-f/103,security services
,,,3,http://data.europa.eu/esco/isced-f/071,engineering and engineering trades
http://data.europa.eu/esco/skill/6a7fc30d-af16-4cc5-a957-29d174bdb61c,"managing, gathering and storing digital data",S5.5.2,3,http://data.europa.eu/esco/skill/28d2ab6c-38a2-476e-85fe-7982fd242943,accessing and analysing digital data
http://data.europa.eu/esco/skill/802deca0-b880-4d1a-b366-e13b27621baf,complying with operational procedures,S3.3.3,3,http://data.europa.eu/esco/skill/048812ba-45ff-4801-b04f-b20c03432809,protecting and enforcing
http://data.europa.eu/esco/skill/316df5b7-31c4-4f4e-ae69-aad1b873b995,interpreting technical documentation and diagrams,S2.1.3,3,http://data.europa.eu/esco/skill/c5b71c57-6f78-4c54-b332-ec75848f1095,"conducting studies, investigations and examinations"
http://data.europa.eu/esco/skill/e67fd42d-25f1-4124-b0be-3b1e3bfdd70c,verifying identities and documentation,S3.3.4,3,http://data.europa.eu/esco/skill/048812ba-45ff-4801-b04f-b20c03432809,protecting and enforcing
http://data.europa.eu/esco/skill/1034004c-0347-4765-8794-b65d2c92b379,documenting and recording information,S2.2.0,3,http://data.europa.eu/esco/skill/325a3d29-a235-4182-9128-782c0f4b2dcc,documenting and recording information
http://data.europa.eu/esco/isced-f/0421,law,0421,3,http://data.europa.eu/esco/isced-f/042,law
http://data.europa.eu/esco/skill/32c017fd-28ab-4051-bf68-74de952c2f77,managing information,S2.3.0,3,http://data.europa.eu/esco/skill/dddd229b-61e1-480d-80d6-d9d9ee9b5f54,managing information
http://data.europa.eu/esco/skill/2b6e15f5-dfa0-4e7c-9687-5665b07e56a4,protecting privacy and personal data,S3.3.6,3,http://data.europa.eu/esco/skill/048812ba-45ff-4801-b04f-b20c03432809,protecting and enforcing
http://data.europa.eu/esco/skill/aca5081a-ceb0-4028-9cc5-1daafd4f86f9,developing solutions,S1.9.1,3,http://data.europa.eu/esco/skill/be7443ff-0747-43b8-8720-8e87fd34e692,solving problems
http://data.europa.eu/esco/skill/a8c3186b-c791-4d57-8f4f-4d12c7a5c6a7,programming computer systems,S5.1.0,3,http://data.europa.eu/esco/skill/d6e4373a-ef2c-4b64-9dc6-4140846f6609,programming computer systems
http://data.europa.eu/esco/skill/f2cf57fe-d4cb-4b4a-831d-73171cc73909,"evaluating systems, programmes, equipment and products",S2.7.6,3,http://data.europa.eu/esco/skill/3753e796-121e-46a3-9c27-dee31ce92c80,analysing and evaluating information and data
http://data.europa.eu/esco/skill/7e153e1d-2b12-43ad-89f3-0cf82ebc4a30,performing risk analysis and management,S2.7.5,3,http://data.europa.eu/esco/skill/3753e796-121e-46a3-9c27-dee31ce92c80,analysing and evaluating information and data
http://data.europa.eu/esco/skill/b7e752ec-7b2e-46e6-ac24-8b1233609c31,leading and motivating,S4.5.0,3,http://data.europa.eu/esco/skill/ce17a874-b476-491d-a7a7-5f05d32ad542,leading and motivating
http://data.europa.eu/esco/skill/ab99d9a7-62eb-407b-92f2-bf7992a82004,creating artistic designs or performances,S1.12.3,3,http://data.europa.eu/esco/skill/c85f95ae-34fb-487b-b3d5-10803eee619d,"creating artistic, visual or instructive materials"
http://data.europa.eu/esco/skill/39499028-35bf-4d69-9275-fb98902ed88b,working with computers,S5.0.0,3,http://data.europa.eu/esco/skill/f5328159-dfe9-4f25-b8e7-a03fb0d3a991,working with computers
http://data.europa.eu/esco/skill/35dc2a23-cdc3-4291-930f-927ba2911949,ensuring compliance with legislation,S3.3.7,3,http://data.europa.eu/esco/skill/048812ba-45ff-4801-b04f-b20c03432809,protecting and enforcing
http://data.europa.eu/esco/skill/6ee936b0-4e0c-4e04-97c7-1f4ee9230d67,developing objectives and strategies,S4.1.0,3,http://data.europa.eu/esco/skill/6f89dcbe-4315-4533-8801-3aadf9190b86,developing objectives and strategies
http://data.europa.eu/esco/skill/eb6cc4ba-4bb8-4348-9a3b-dc419558f66a,advising on design or use of technologies,S1.5.6,3,http://data.europa.eu/esco/skill/24ad2ffb-dece-4704-8155-63ea9428d038,advising and consulting
http://data.europa.eu/esco/skill/190f64e1-b7b6-4c53-b20b-80f9215ef6ca,"directing, supervising and coordinating projects",S4.2.3,3,http://data.europa.eu/esco/skill/5c26881e-2759-4a38-b136-5e0f6071b524,"organising, planning and scheduling work and activities"
http://data.europa.eu/esco/skill/6d0cad66-82dd-4854-a03a-68232942c68d,installing wooden and metal components,S7.1.2,3,http://data.europa.eu/esco/skill/18da3b88-1cd5-4ef3-83d6-664e52afdaba,building and repairing structures
http://data.europa.eu/esco/isced-f/0416,wholesale and retail sales,0416,3,http://data.europa.eu/esco/isced-f/041,business and administration
http://data.europa.eu/esco/skill/37272760-957a-4c34-b4f3-780ee285334d,"developing financial, business or marketing plans",S4.1.2,3,http://data.europa.eu/esco/skill/6f89dcbe-4315-4533-8801-3aadf9190b86,developing objectives and strategies
http://data.europa.eu/esco/isced-f/0710,engineering and engineering trades not further defined,0710,3,http://data.europa.eu/esco/isced-f/071,engineering and engineering trades
http://data.europa.eu/esco/isced-f/0715,mechanics and metal trades,0715,3,http://data.europa.eu/esco/isced-f/071,engineering and engineering trades
http://data.europa.eu/esco/skill/95bf4552-6d5b-41dc-b990-53ace372f705,"documenting technical designs, procedures, problems or activities",S2.2.6,3,http://data.europa.eu/esco/skill/325a3d29-a235-4182-9128-782c0f4b2dcc,documenting and recording information
http://data.europa.eu/esco/skill/e6eeb84c-ad99-42e2-b883-e6ce338aef59,planning production processes,S4.2.5,3,http://data.europa.eu/esco/skill/5c26881e-2759-4a38-b136-5e0f6071b524,"organising, planning and scheduling work and activities"
http://data.europa.eu/esco/isced-f/0211,audio-visual techniques and media production,0211,3,http://data.europa.eu/esco/isced-f/021,arts
http://data.europa.eu/esco/skill/cfd5ab8f-ef8a-4877-8243-ddf17ac74604,planning events and programmes,S4.2.2,3,http://data.europa.eu/esco/skill/5c26881e-2759-4a38-b136-5e0f6071b524,"organising, planning and scheduling work and activities"
http://data.europa.eu/esco/skill/1f2950c0-ef1e-44b4-9a55-125ccd7b78af,analysing and evaluating information and data,S2.7.0,3,http://data.europa.eu/esco/skill/3753e796-121e-46a3-9c27-dee31ce92c80,analysing and evaluating information and data
http://data.europa.eu/esco/skill/1d4be2e3-ac64-426f-838d-1e7cb8600927,management skills,S4.0.0,3,http://data.europa.eu/esco/skill/c1a13ee0-b00d-4cfa-a22c-20d284e398b0,management skills
http://data.europa.eu/esco/isced-f/0914,medical diagnostic and treatment technology,0914,3,http://data.europa.eu/esco/isced-f/091,health
http://data.europa.eu/esco/isced-f/1032,protection of persons and property,1032,3,http://data.europa.eu/esco/isced-f/103,security services
http://data.europa.eu/esco/isced-f/1022,occupational health and safety,1022,3,http://data.europa.eu/esco/isced-f/102,hygiene and occupational health services
http://data.europa.eu/esco/skill/20136935-e6a1-417b-81df-9b94d4c2c371,reporting incidents and defects,S2.2.7,3,http://data.europa.eu/esco/skill/325a3d29-a235-4182-9128-782c0f4b2dcc,documenting and recording information
http://data.europa.eu/esco/skill/af84405b-896d-4ed3-9462-077ea9a2a188,collaborating and liaising,S1.2.5,3,http://data.europa.eu/esco/skill/b76cd1e5-d5e7-464a-b7bb-4164d3616452,liaising and networking
http://data.europa.eu/esco/isced-f/0031,personal skills and development,0031,3,http://data.europa.eu/esco/isced-f/003,personal skills and development
http://data.europa.eu/esco/skill/87dff904-fb74-4d59-972e-1c2387579d94,directing operational activities,S4.2.1,3,http://data.europa.eu/esco/skill/5c26881e-2759-4a38-b136-5e0f6071b524,"organising, planning and scheduling work and activities"
http://data.europa.eu/esco/skill/7eafec38-621a-4b6e-9298-bfe70ec0b253,conducting academic or market research,S2.1.1,3,http://data.europa.eu/esco/skill/c5b71c57-6f78-4c54-b332-ec75848f1095,"conducting studies, investigations and examinations"
http://data.europa.eu/esco/skill/7de7e3f6-d222-4f08-b3f0-e2deff7ef798,providing information and support to the public and clients,S3.4.0,3,http://data.europa.eu/esco/skill/e1746275-6d4e-4b02-b526-eeebf3052b6d,providing information and support to the public and clients
http://data.europa.eu/esco/skill/15fa3879-ac0e-46e6-ae36-609bae9c19c3,monitoring operational activities,S2.8.2,3,http://data.europa.eu/esco/skill/1e95cef2-9c35-4f9f-b6a9-cb458c3e5379,"monitoring, inspecting and testing"
http://data.europa.eu/esco/skill/aab9f44d-fe0e-46d8-a470-11ce82a64846,supervising a team or group,S4.8.1,3,http://data.europa.eu/esco/skill/7a00c77c-4a1c-4fd6-a83f-004bda65d81a,supervising people
http://data.europa.eu/esco/isced-f/0688,inter-disciplinary programmes and qualifications involving information and communication technologies (icts),0688,3,http://data.europa.eu/esco/isced-f/068,inter-disciplinary programmes and qualifications involving information and communication technologies (icts)
http://data.europa.eu/esco/skill/d1815c8a-7755-4fe3-bacf-68bb0b6a0b55,developing instructive or promotional materials,S1.12.2,3,http://data.europa.eu/esco/skill/c85f95ae-34fb-487b-b3d5-10803eee619d,"creating artistic, visual or instructive materials"
http://data.europa.eu/esco/isced-f/0713,electricity and energy,0713,3,http://data.europa.eu/esco/isced-f/071,engineering and engineering trades
http://data.europa.eu/esco/skill/f7fc7bf8-f41d-44af-81e3-09b88e9779e6,testing electrical and mechanical systems or equipment,S2.8.1,3,http://data.europa.eu/esco/skill/1e95cef2-9c35-4f9f-b6a9-cb458c3e5379,"monitoring, inspecting and testing"
http://data.europa.eu/esco/isced-f/0411,accounting and taxation,0411,3,http://data.europa.eu/esco/isced-f/041,business and administration
http://data.europa.eu/esco/skill/98fb499f-9155-412d-a8a0-95ba97126fec,using digital tools for collaboration and productivity,S5.6.1,3,http://data.europa.eu/esco/skill/cacc62f3-2df4-4cc3-9d5d-0d014db56bd9,"using digital tools for collaboration, content creation and problem solving"
http://data.europa.eu/esco/isced-f/0314,sociology and cultural studies,0314,3,http://data.europa.eu/esco/isced-f/031,social and behavioural sciences
http://data.europa.eu/esco/skill/b1115b14-fa16-4c1e-be6c-91fd49a1808b,using computer aided design and drawing tools,S5.6.3,3,http://data.europa.eu/esco/skill/cacc62f3-2df4-4cc3-9d5d-0d014db56bd9,"using digital tools for collaboration, content creation and problem solving"
http://data.europa.eu/esco/skill/4781b6b1-07bc-44be-8c2d-de0fa5db4250,conducting gaming activities,S1.14.3,3,http://data.europa.eu/esco/skill/ac88053e-c9b5-43cf-ace1-f506bcfdc8cb,performing and entertaining
http://data.europa.eu/esco/isced-f/0321,journalism and reporting,0321,3,http://data.europa.eu/esco/isced-f/032,journalism and information
http://data.europa.eu/esco/skill/e2a5e046-3357-493e-bbdc-8d0ef82005cc,monitoring developments in area of expertise,S2.9.0,3,http://data.europa.eu/esco/skill/0101f8a4-4243-4e67-813b-3e2a6274f7e2,monitoring developments in area of expertise
http://data.europa.eu/esco/isced-f/0414,marketing and advertising,0414,3,http://data.europa.eu/esco/isced-f/041,business and administration
http://data.europa.eu/esco/skill/cbe1b24e-00f3-4b17-94e9-1fcd34a11c3e,identifying opportunities,S4.1.1,3,http://data.europa.eu/esco/skill/6f89dcbe-4315-4533-8801-3aadf9190b86,developing objectives and strategies
http://data.europa.eu/esco/isced-f/0719,engineering and engineering trades not elsewhere classified,0719,3,http://data.europa.eu/esco/isced-f/071,engineering and engineering trades
http://data.europa.eu/esco/skill/9c17f73f-345c-4c55-8b59-47b445941b7b,mediating and resolving disputes,S1.1.2,3,http://data.europa.eu/esco/skill/323b3684-86ec-40fa-81b4-bc52694ef168,negotiating
http://data.europa.eu/esco/skill/b32ef8a5-e3f7-40ef-8b40-913c003e1f4e,"preparing financial documents, records, reports, or budgets",S2.2.1,3,http://data.europa.eu/esco/skill/325a3d29-a235-4182-9128-782c0f4b2dcc,documenting and recording information
http://data.europa.eu/esco/skill/103af23e-d56c-47ab-b991-55c94dcdef50,advising and consulting,S1.5.0,3,http://data.europa.eu/esco/skill/24ad2ffb-dece-4704-8155-63ea9428d038,advising and consulting
http://data.europa.eu/esco/isced-f/0619,information and communication technologies not elsewhere classified,0619,3,http://data.europa.eu/esco/isced-f/061,information and communication technologies (icts)
http://data.europa.eu/esco/skill/8fde007e-ea4c-48c2-84c5-752834acd31d,"conducting studies, investigations and examinations",S2.1.0,3,http://data.europa.eu/esco/skill/c5b71c57-6f78-4c54-b332-ec75848f1095,"conducting studies, investigations and examinations"
http://data.europa.eu/esco/skill/a6c3bda0-c759-495e-b2c5-062b3abe2097,implementing new procedures or processes,S1.9.2,3,http://data.europa.eu/esco/skill/be7443ff-0747-43b8-8720-8e87fd34e692,solving problems
http://data.europa.eu/esco/skill/1072f444-8a7d-41c1-aa6f-d536f20d94bf,artistic and creative writing,S1.13.2,3,http://data.europa.eu/esco/skill/2f661409-3e56-46ab-95d7-6ec7786fc1c0,writing and composing
http://data.europa.eu/esco/isced-f/0223,philosophy and ethics,0223,3,http://data.europa.eu/esco/isced-f/022,humanities (except languages)
http://data.europa.eu/esco/isced-f/0322,"library, information and archival studies",0322,3,http://data.europa.eu/esco/isced-f/032,journalism and information
http://data.europa.eu/esco/isced-f/0412,"finance, banking and insurance",0412,3,http://data.europa.eu/esco/isced-f/041,business and administration
http://data.europa.eu/esco/isced-f/0542,statistics,0542,3,http://data.europa.eu/esco/isced-f/054,mathematics and statistics
http://data.europa.eu/esco/skill/92fc9726-5b5e-439e-a33c-06a8c63fbb9a,allocating and controlling resources,S4.3.0,3,http://data.europa.eu/esco/skill/9827c329-3492-4e8d-852c-da0894228ff6,allocating and controlling resources
http://data.europa.eu/esco/skill/ba1f6201-b206-4459-b178-706db34a851d,analysing scientific and medical data,S2.7.2,3,http://data.europa.eu/esco/skill/3753e796-121e-46a3-9c27-dee31ce92c80,analysing and evaluating information and data
http://data.europa.eu/esco/isced-f/0313,psychology,0313,3,http://data.europa.eu/esco/isced-f/031,social and behavioural sciences
http://data.europa.eu/esco/skill/d700aa7a-0ed8-4967-a32c-4cb6075ab3b9,diagnosing health conditions,S2.1.2,3,http://data.europa.eu/esco/skill/c5b71c57-6f78-4c54-b332-ec75848f1095,"conducting studies, investigations and examinations"
http://data.europa.eu/esco/skill/c5ff50d7-97d3-401e-90ac-e5ae756a52de,monitoring health conditions of humans and animals,S2.8.6,3,http://data.europa.eu/esco/skill/1e95cef2-9c35-4f9f-b6a9-cb458c3e5379,"monitoring, inspecting and testing"
http://data.europa.eu/esco/skill/07f47dea-587c-40c0-990a-6c092cc3e6a4,interviewing,S1.7.1,3,http://data.europa.eu/esco/skill/6889a21c-837b-49a2-be61-bb6010ab63f4,obtaining information verbally
http://data.europa.eu/esco/skill/e4da156d-a6c4-4b29-935b-eff9c9553cf1,working in teams,S1.8.1,3,http://data.europa.eu/esco/skill/548c3fbe-9eb1-4035-bc54-027fd5bc5315,working with others
http://data.europa.eu/esco/skill/4d6a48ae-352e-4823-bc3a-3f3e9e2cae86,accessing and analysing digital data,S5.5.0,3,http://data.europa.eu/esco/skill/28d2ab6c-38a2-476e-85fe-7982fd242943,accessing and analysing digital data
http://data.europa.eu/esco/skill/0779d482-4154-4fbb-9a22-d9fd89c39d67,"organising, planning and scheduling work and activities",S4.2.0,3,http://data.europa.eu/esco/skill/5c26881e-2759-4a38-b136-5e0f6071b524,"organising, planning and scheduling work and activities"
http://data.europa.eu/esco/skill/57216e88-a0d3-4b8c-af6c-b8232b4f48c2,using precision hand tools,S6.7.4,3,http://data.europa.eu/esco/skill/d23b21ca-2ef5-4b5e-b37e-a5311dc2e292,using hand tools
http://data.europa.eu/esco/skill/24a39c1b-b8cc-4210-8b74-b388a90e8f59,"joining parts using soldering, welding or brazing techniques",S7.1.6,3,http://data.europa.eu/esco/skill/18da3b88-1cd5-4ef3-83d6-664e52afdaba,building and repairing structures
http://data.europa.eu/esco/isced-f/0111,education science,0111,3,http://data.europa.eu/esco/isced-f/011,education
http://data.europa.eu/esco/skill/91b0b918-942e-4661-b88c-70b9396529e5,working with others,S1.8.0,3,http://data.europa.eu/esco/skill/548c3fbe-9eb1-4035-bc54-027fd5bc5315,working with others
http://data.europa.eu/esco/skill/03961960-e729-4768-ab0a-49886132f17a,using foreign languages,S1.15.1,3,http://data.europa.eu/esco/skill/8bbdf1f1-e943-45fc-af2f-1446cbd88245,using more than one language
http://data.europa.eu/esco/skill/f5f15f9c-6334-4728-8dc5-3a20a00dfc37,performing calculations,S2.6.1,3,http://data.europa.eu/esco/skill/e173eaf8-c99b-405a-b0ac-0e02ce3c268d,calculating and estimating
http://data.europa.eu/esco/skill/23cfb269-eec1-4011-8e57-c86203ce9fd7,giving feedback,S1.8.3,3,http://data.europa.eu/esco/skill/548c3fbe-9eb1-4035-bc54-027fd5bc5315,working with others
http://data.europa.eu/esco/skill/0d80a782-99ff-4f49-abbe-c72524c6f390,negotiating and managing contracts and agreements,S1.1.1,3,http://data.europa.eu/esco/skill/323b3684-86ec-40fa-81b4-bc52694ef168,negotiating
http://data.europa.eu/esco/skill/1bc1cf2a-a7f6-4769-a13b-cc26a2214498,"preparing documentation for contracts, applications, or permits",S2.2.3,3,http://data.europa.eu/esco/skill/325a3d29-a235-4182-9128-782c0f4b2dcc,documenting and recording information
http://data.europa.eu/esco/skill/c34b06c4-d164-4e49-a784-89d47de42ec2,"designing industrial materials, systems or products",S1.11.5,3,http://data.europa.eu/esco/skill/0a295163-3e17-47ad-99ac-2b507ce30adb,designing systems and products
http://data.europa.eu/esco/skill/ab877a24-335d-4676-b366-c5c06651481a,"communication, collaboration and creativity",S1.0.0,3,http://data.europa.eu/esco/skill/85b379e7-e0b7-48b8-baa7-631f50a7cdd5,"communication, collaboration and creativity"
http://data.europa.eu/esco/skill/efbb3d3b-a41c-4e0a-90a8-8e611eb1db9f,"advising on legal, regulatory or procedural matters",S1.5.1,3,http://data.europa.eu/esco/skill/24ad2ffb-dece-4704-8155-63ea9428d038,advising and consulting
http://data.europa.eu/esco/skill/e2bdf081-333a-414f-b8ac-93c76290f167,coaching and mentoring,S1.3.5,3,http://data.europa.eu/esco/skill/5770f630-9b25-49f3-9d37-e93ec1799749,teaching and training
http://data.europa.eu/esco/skill/7e0b93e0-0de7-4607-b07f-27a6828d3ff0,developing educational programmes,S4.1.6,3,http://data.europa.eu/esco/skill/6f89dcbe-4315-4533-8801-3aadf9190b86,developing objectives and strategies
http://data.europa.eu/esco/skill/335be43a-3267-400e-b5cb-c9e234dc7544,teaching academic or vocational subjects,S1.3.1,3,http://data.europa.eu/esco/skill/5770f630-9b25-49f3-9d37-e93ec1799749,teaching and training
http://data.europa.eu/esco/skill/caede8f1-6658-4d78-9eb4-2ad2c7ebf09b,teaching and training,S1.3.0,3,http://data.europa.eu/esco/skill/5770f630-9b25-49f3-9d37-e93ec1799749,teaching and training
http://data.europa.eu/esco/skill/afe3d82e-4a40-4aa4-a4e9-a6097c4a391e,writing and composing,S1.13.0,3,http://data.europa.eu/esco/skill/2f661409-3e56-46ab-95d7-6ec7786fc1c0,writing and composing
http://data.europa.eu/esco/skill/c53a55a1-8b2b-4d2c-b12d-626742a3833a,using digital tools for processing sound and images,S5.6.4,3,http://data.europa.eu/esco/skill/cacc62f3-2df4-4cc3-9d5d-0d014db56bd9,"using digital tools for collaboration, content creation and problem solving"
http://data.europa.eu/esco/skill/164510d1-1216-4dc0-b9d1-a7f6af19e469,developing contingency and emergency response plans,S4.1.7,3,http://data.europa.eu/esco/skill/6f89dcbe-4315-4533-8801-3aadf9190b86,developing objectives and strategies
http://data.europa.eu/esco/skill/cd9c487e-09ad-4b82-854b-118feb01f2ed,information skills,S2.0.0,3,http://data.europa.eu/esco/skill/82c084ea-15e9-4d55-98dc-ede0f767baee,information skills
http://data.europa.eu/esco/skill/258fea29-09db-4918-8235-0d7d529cd31c,"browsing, searching and filtering digital data",S5.5.1,3,http://data.europa.eu/esco/skill/28d2ab6c-38a2-476e-85fe-7982fd242943,accessing and analysing digital data
http://data.europa.eu/esco/isced-f/0799,"engineering, manufacturing and construction not elsewhere classified",0799,3,http://data.europa.eu/esco/isced-f/079,"engineering, manufacturing and construction not elsewhere classified"
http://data.europa.eu/esco/skill/193af349-b20e-4277-94bf-b184e92b8d6a,managing budgets or finances,S4.3.1,3,http://data.europa.eu/esco/skill/9827c329-3492-4e8d-852c-da0894228ff6,allocating and controlling resources
http://data.europa.eu/esco/skill/a556a3db-cd48-42a5-825c-f95f6f5ccbfe,creating visual displays and decorations,S1.12.1,3,http://data.europa.eu/esco/skill/c85f95ae-34fb-487b-b3d5-10803eee619d,"creating artistic, visual or instructive materials"
http://data.europa.eu/esco/skill/06fdd94c-292d-49e3-9c78-bbcbc2088232,maintaining operational records,S2.2.5,3,http://data.europa.eu/esco/skill/325a3d29-a235-4182-9128-782c0f4b2dcc,documenting and recording information
http://data.europa.eu/esco/skill/77e41477-4ecf-425b-8163-b18a5a54e593,recruiting and hiring,S4.7.0,3,http://data.europa.eu/esco/skill/73dba04a-7c18-439f-8757-b5f60532ba74,recruiting and hiring
http://data.europa.eu/esco/skill/663e753c-2fc4-4bf6-9a06-a6ab2d705238,purchasing goods or services,S1.6.3,3,http://data.europa.eu/esco/skill/b99283cd-b908-4100-baa5-112692ac22b8,"promoting, selling and purchasing"
http://data.europa.eu/esco/skill/64aeee4d-3791-4448-8ed8-9b49ad04f2fb,translating and interpreting,S1.15.2,3,http://data.europa.eu/esco/skill/8bbdf1f1-e943-45fc-af2f-1446cbd88245,using more than one language
http://data.europa.eu/esco/isced-f/0541,mathematics,0541,3,http://data.europa.eu/esco/isced-f/054,mathematics and statistics
http://data.europa.eu/esco/skill/8ddcb295-707e-459c-ba6a-66ffb37835c5,operating audio-visual equipment,S8.6.2,3,http://data.europa.eu/esco/skill/4d7fb3eb-554a-4cf1-a576-bf6e153bdba2,using precision instrumentation and equipment
http://data.europa.eu/esco/skill/08104c27-d4b2-4d40-ae97-dde65e71712f,advising on workplace health and safety issues,S1.5.9,3,http://data.europa.eu/esco/skill/24ad2ffb-dece-4704-8155-63ea9428d038,advising and consulting
http://data.europa.eu/esco/skill/446a36a5-2376-439f-b46b-4a214ba0acdf,"using word processing, publishing and presentation software",S5.6.2,3,http://data.europa.eu/esco/skill/cacc62f3-2df4-4cc3-9d5d-0d014db56bd9,"using digital tools for collaboration, content creation and problem solving"
http://data.europa.eu/esco/skill/f73c2c9e-b097-4fcb-95d1-659ea0bd54a3,allocating and controlling physical resources,S4.3.3,3,http://data.europa.eu/esco/skill/9827c329-3492-4e8d-852c-da0894228ff6,allocating and controlling resources
http://data.europa.eu/esco/skill/5c2d5780-23ed-4372-bb8d-c1846ee404ae,monitoring financial and economic resources and activity,S2.8.3,3,http://data.europa.eu/esco/skill/1e95cef2-9c35-4f9f-b6a9-cb458c3e5379,"monitoring, inspecting and testing"
http://data.europa.eu/esco/isced-f/0415,secretarial and office work,0415,3,http://data.europa.eu/esco/isced-f/041,business and administration
http://data.europa.eu/esco/isced-f/0732,building and civil engineering,0732,3,http://data.europa.eu/esco/isced-f/073,architecture and construction
http://data.europa.eu/esco/skill/2258cde2-a95b-4b2c-b105-59e84b0a364b,managing and administering human resources,S4.3.2,3,http://data.europa.eu/esco/skill/9827c329-3492-4e8d-852c-da0894228ff6,allocating and controlling resources
http://data.europa.eu/esco/skill/d94e1143-3a3a-4f6a-a881-df93bf56cf23,analysing financial and economic data,S2.7.3,3,http://data.europa.eu/esco/skill/3753e796-121e-46a3-9c27-dee31ce92c80,analysing and evaluating information and data
http://data.europa.eu/esco/skill/c7f96545-46c4-451a-b284-014f4baed5ed,making decisions,S4.9.0,3,http://data.europa.eu/esco/skill/bb99a123-88be-42a2-8758-f5a18e06ccc6,making decisions
http://data.europa.eu/esco/skill/173fbafb-d2e0-4b89-be1c-548b1cc47160,assisting and supporting co-workers,S1.8.6,3,http://data.europa.eu/esco/skill/548c3fbe-9eb1-4035-bc54-027fd5bc5315,working with others
http://data.europa.eu/esco/skill/b036eb5c-6a48-45b9-b2c6-f42f9e336204,advising on business or operational matters,S1.5.7,3,http://data.europa.eu/esco/skill/24ad2ffb-dece-4704-8155-63ea9428d038,advising and consulting
http://data.europa.eu/esco/skill/db54693e-bcb0-4dae-8885-a43d510fb71f,developing health programmes,S4.1.5,3,http://data.europa.eu/esco/skill/6f89dcbe-4315-4533-8801-3aadf9190b86,developing objectives and strategies
http://data.europa.eu/esco/skill/dfae80db-cf29-41e1-a48c-2bee901afff1,building and developing teams,S4.6.0,3,http://data.europa.eu/esco/skill/2d02d98c-20c4-4b46-bf44-e5f85a3f03ed,building and developing teams
http://data.europa.eu/esco/skill/9bdf8a77-8524-43da-bac6-d15d22e1b7ed,entering and transforming information,S2.4.2,3,http://data.europa.eu/esco/skill/587e1cd6-a376-4c8f-8369-187c128d72a3,processing information
